mutation,crossover,selection,elitism,generation,median_fitness
heuristic_mutation,geometric_crossover,tournament_k2,1,1,38600.0
heuristic_mutation,geometric_crossover,tournament_k2,1,2,43050.0
heuristic_mutation,geometric_crossover,tournament_k2,1,3,47100.0
heuristic_mutation,geometric_crossover,tournament_k2,1,4,49250.0
heuristic_mutation,geometric_crossover,tournament_k2,1,5,51800.0
heuristic_mutation,geometric_crossover,tournament_k2,1,6,53650.0
heuristic_mutation,geometric_crossover,tournament_k2,1,7,55750.0
heuristic_mutation,geometric_crossover,tournament_k2,1,8,59650.0
heuristic_mutation,geometric_crossover,tournament_k2,1,9,61050.0
heuristic_mutation,geometric_crossover,tournament_k2,1,10,62300.0
heuristic_mutation,geometric_crossover,tournament_k2,1,11,64050.0
heuristic_mutation,geometric_crossover,tournament_k2,1,12,64450.0
heuristic_mutation,geometric_crossover,tournament_k2,1,13,64950.0
heuristic_mutation,geometric_crossover,tournament_k2,1,14,65500.0
heuristic_mutation,geometric_crossover,tournament_k2,1,15,65700.0
heuristic_mutation,geometric_crossover,tournament_k2,1,16,66050.0
heuristic_mutation,geometric_crossover,tournament_k2,1,17,66050.0
heuristic_mutation,geometric_crossover,tournament_k2,1,18,66450.0
heuristic_mutation,geometric_crossover,tournament_k2,1,19,66500.0
heuristic_mutation,geometric_crossover,tournament_k2,1,20,66550.0
heuristic_mutation,geometric_crossover,tournament_k2,1,21,66600.0
heuristic_mutation,geometric_crossover,tournament_k2,1,22,66850.0
heuristic_mutation,geometric_crossover,tournament_k2,1,23,67050.0
heuristic_mutation,geometric_crossover,tournament_k2,1,24,67050.0
heuristic_mutation,geometric_crossover,tournament_k2,1,25,67050.0
heuristic_mutation,geometric_crossover,tournament_k2,1,26,67050.0
heuristic_mutation,geometric_crossover,tournament_k2,1,27,67250.0
heuristic_mutation,geometric_crossover,tournament_k2,1,28,67250.0
heuristic_mutation,geometric_crossover,tournament_k2,1,29,67350.0
heuristic_mutation,geometric_crossover,tournament_k2,1,30,67350.0
heuristic_mutation,geometric_crossover,tournament_k2,1,31,67350.0
heuristic_mutation,geometric_crossover,tournament_k2,1,32,67350.0
heuristic_mutation,geometric_crossover,tournament_k2,1,33,67350.0
heuristic_mutation,geometric_crossover,tournament_k2,1,34,67350.0
heuristic_mutation,geometric_crossover,tournament_k2,1,35,67350.0
heuristic_mutation,geometric_crossover,tournament_k2,1,36,67350.0
heuristic_mutation,geometric_crossover,tournament_k2,1,37,67350.0
heuristic_mutation,geometric_crossover,tournament_k2,1,38,67400.0
heuristic_mutation,geometric_crossover,tournament_k2,1,39,67400.0
heuristic_mutation,geometric_crossover,tournament_k2,1,40,67400.0
heuristic_mutation,geometric_crossover,tournament_k2,1,41,67450.0
heuristic_mutation,geometric_crossover,tournament_k2,1,42,67450.0
heuristic_mutation,geometric_crossover,tournament_k2,1,43,67500.0
heuristic_mutation,geometric_crossover,tournament_k2,1,44,67500.0
heuristic_mutation,geometric_crossover,tournament_k2,1,45,67550.0
heuristic_mutation,geometric_crossover,tournament_k2,1,46,67550.0
heuristic_mutation,geometric_crossover,tournament_k2,1,47,67550.0
heuristic_mutation,geometric_crossover,tournament_k2,1,48,67550.0
heuristic_mutation,geometric_crossover,tournament_k2,1,49,67550.0
heuristic_mutation,geometric_crossover,tournament_k2,1,50,67550.0
heuristic_mutation,geometric_crossover,tournament_k2,1,51,67550.0
heuristic_mutation,geometric_crossover,tournament_k2,1,52,67550.0
heuristic_mutation,geometric_crossover,tournament_k2,1,53,67550.0
heuristic_mutation,geometric_crossover,tournament_k2,1,54,67550.0
heuristic_mutation,geometric_crossover,tournament_k2,1,55,67550.0
heuristic_mutation,geometric_crossover,tournament_k2,1,56,67550.0
heuristic_mutation,geometric_crossover,tournament_k2,1,57,67550.0
heuristic_mutation,geometric_crossover,tournament_k2,1,58,67550.0
heuristic_mutation,geometric_crossover,tournament_k2,1,59,67550.0
heuristic_mutation,geometric_crossover,tournament_k2,1,60,67550.0
heuristic_mutation,geometric_crossover,tournament_k2,1,61,67550.0
heuristic_mutation,geometric_crossover,tournament_k2,1,62,67550.0
heuristic_mutation,geometric_crossover,tournament_k2,1,63,67550.0
heuristic_mutation,geometric_crossover,tournament_k2,1,64,67550.0
heuristic_mutation,geometric_crossover,tournament_k2,1,65,67550.0
heuristic_mutation,geometric_crossover,tournament_k2,1,66,67550.0
heuristic_mutation,geometric_crossover,tournament_k2,1,67,67550.0
heuristic_mutation,geometric_crossover,tournament_k2,1,68,67550.0
heuristic_mutation,geometric_crossover,tournament_k2,1,69,67550.0
heuristic_mutation,geometric_crossover,tournament_k2,1,70,67600.0
heuristic_mutation,geometric_crossover,tournament_k2,1,71,67600.0
heuristic_mutation,geometric_crossover,tournament_k2,1,72,67600.0
heuristic_mutation,geometric_crossover,tournament_k2,1,73,67700.0
heuristic_mutation,geometric_crossover,tournament_k2,1,74,68050.0
heuristic_mutation,geometric_crossover,tournament_k2,1,75,68050.0
heuristic_mutation,geometric_crossover,tournament_k2,1,76,68200.0
heuristic_mutation,geometric_crossover,tournament_k2,1,77,68300.0
heuristic_mutation,geometric_crossover,tournament_k2,1,78,68300.0
heuristic_mutation,geometric_crossover,tournament_k2,1,79,68300.0
heuristic_mutation,geometric_crossover,tournament_k2,1,80,68300.0
heuristic_mutation,geometric_crossover,tournament_k2,1,81,68300.0
heuristic_mutation,geometric_crossover,tournament_k2,1,82,68300.0
heuristic_mutation,geometric_crossover,tournament_k2,1,83,68500.0
heuristic_mutation,geometric_crossover,tournament_k2,1,84,68500.0
heuristic_mutation,geometric_crossover,tournament_k2,1,85,68500.0
heuristic_mutation,geometric_crossover,tournament_k2,1,86,68500.0
heuristic_mutation,geometric_crossover,tournament_k2,1,87,68500.0
heuristic_mutation,geometric_crossover,tournament_k2,1,88,68500.0
heuristic_mutation,geometric_crossover,tournament_k2,1,89,68500.0
heuristic_mutation,geometric_crossover,tournament_k2,1,90,68500.0
heuristic_mutation,geometric_crossover,tournament_k2,1,91,68500.0
heuristic_mutation,geometric_crossover,tournament_k2,1,92,68500.0
heuristic_mutation,geometric_crossover,tournament_k2,1,93,68500.0
heuristic_mutation,geometric_crossover,tournament_k2,1,94,68500.0
heuristic_mutation,geometric_crossover,tournament_k2,1,95,68500.0
heuristic_mutation,geometric_crossover,tournament_k2,1,96,68500.0
heuristic_mutation,geometric_crossover,tournament_k2,1,97,68500.0
heuristic_mutation,geometric_crossover,tournament_k2,1,98,68500.0
heuristic_mutation,geometric_crossover,tournament_k2,1,99,68500.0
heuristic_mutation,geometric_crossover,tournament_k2,1,100,68500.0
heuristic_mutation,geometric_crossover,tournament_k2,3,1,38500.0
heuristic_mutation,geometric_crossover,tournament_k2,3,2,42200.0
heuristic_mutation,geometric_crossover,tournament_k2,3,3,47650.0
heuristic_mutation,geometric_crossover,tournament_k2,3,4,49700.0
heuristic_mutation,geometric_crossover,tournament_k2,3,5,52750.0
heuristic_mutation,geometric_crossover,tournament_k2,3,6,55300.0
heuristic_mutation,geometric_crossover,tournament_k2,3,7,57000.0
heuristic_mutation,geometric_crossover,tournament_k2,3,8,59200.0
heuristic_mutation,geometric_crossover,tournament_k2,3,9,61200.0
heuristic_mutation,geometric_crossover,tournament_k2,3,10,62550.0
heuristic_mutation,geometric_crossover,tournament_k2,3,11,63700.0
heuristic_mutation,geometric_crossover,tournament_k2,3,12,64650.0
heuristic_mutation,geometric_crossover,tournament_k2,3,13,65300.0
heuristic_mutation,geometric_crossover,tournament_k2,3,14,65400.0
heuristic_mutation,geometric_crossover,tournament_k2,3,15,65500.0
heuristic_mutation,geometric_crossover,tournament_k2,3,16,65550.0
heuristic_mutation,geometric_crossover,tournament_k2,3,17,65600.0
heuristic_mutation,geometric_crossover,tournament_k2,3,18,65600.0
heuristic_mutation,geometric_crossover,tournament_k2,3,19,65750.0
heuristic_mutation,geometric_crossover,tournament_k2,3,20,65750.0
heuristic_mutation,geometric_crossover,tournament_k2,3,21,66050.0
heuristic_mutation,geometric_crossover,tournament_k2,3,22,66050.0
heuristic_mutation,geometric_crossover,tournament_k2,3,23,66300.0
heuristic_mutation,geometric_crossover,tournament_k2,3,24,66300.0
heuristic_mutation,geometric_crossover,tournament_k2,3,25,66450.0
heuristic_mutation,geometric_crossover,tournament_k2,3,26,66450.0
heuristic_mutation,geometric_crossover,tournament_k2,3,27,66500.0
heuristic_mutation,geometric_crossover,tournament_k2,3,28,66500.0
heuristic_mutation,geometric_crossover,tournament_k2,3,29,66700.0
heuristic_mutation,geometric_crossover,tournament_k2,3,30,66900.0
heuristic_mutation,geometric_crossover,tournament_k2,3,31,67100.0
heuristic_mutation,geometric_crossover,tournament_k2,3,32,67300.0
heuristic_mutation,geometric_crossover,tournament_k2,3,33,67300.0
heuristic_mutation,geometric_crossover,tournament_k2,3,34,67300.0
heuristic_mutation,geometric_crossover,tournament_k2,3,35,67450.0
heuristic_mutation,geometric_crossover,tournament_k2,3,36,67450.0
heuristic_mutation,geometric_crossover,tournament_k2,3,37,67450.0
heuristic_mutation,geometric_crossover,tournament_k2,3,38,67650.0
heuristic_mutation,geometric_crossover,tournament_k2,3,39,67650.0
heuristic_mutation,geometric_crossover,tournament_k2,3,40,67650.0
heuristic_mutation,geometric_crossover,tournament_k2,3,41,67800.0
heuristic_mutation,geometric_crossover,tournament_k2,3,42,67800.0
heuristic_mutation,geometric_crossover,tournament_k2,3,43,67800.0
heuristic_mutation,geometric_crossover,tournament_k2,3,44,67800.0
heuristic_mutation,geometric_crossover,tournament_k2,3,45,68400.0
heuristic_mutation,geometric_crossover,tournament_k2,3,46,68400.0
heuristic_mutation,geometric_crossover,tournament_k2,3,47,68400.0
heuristic_mutation,geometric_crossover,tournament_k2,3,48,68400.0
heuristic_mutation,geometric_crossover,tournament_k2,3,49,68600.0
heuristic_mutation,geometric_crossover,tournament_k2,3,50,68800.0
heuristic_mutation,geometric_crossover,tournament_k2,3,51,68800.0
heuristic_mutation,geometric_crossover,tournament_k2,3,52,68800.0
heuristic_mutation,geometric_crossover,tournament_k2,3,53,68850.0
heuristic_mutation,geometric_crossover,tournament_k2,3,54,68850.0
heuristic_mutation,geometric_crossover,tournament_k2,3,55,68850.0
heuristic_mutation,geometric_crossover,tournament_k2,3,56,68850.0
heuristic_mutation,geometric_crossover,tournament_k2,3,57,68900.0
heuristic_mutation,geometric_crossover,tournament_k2,3,58,69000.0
heuristic_mutation,geometric_crossover,tournament_k2,3,59,69350.0
heuristic_mutation,geometric_crossover,tournament_k2,3,60,69350.0
heuristic_mutation,geometric_crossover,tournament_k2,3,61,69350.0
heuristic_mutation,geometric_crossover,tournament_k2,3,62,69350.0
heuristic_mutation,geometric_crossover,tournament_k2,3,63,69350.0
heuristic_mutation,geometric_crossover,tournament_k2,3,64,69350.0
heuristic_mutation,geometric_crossover,tournament_k2,3,65,69350.0
heuristic_mutation,geometric_crossover,tournament_k2,3,66,69350.0
heuristic_mutation,geometric_crossover,tournament_k2,3,67,69400.0
heuristic_mutation,geometric_crossover,tournament_k2,3,68,69400.0
heuristic_mutation,geometric_crossover,tournament_k2,3,69,69400.0
heuristic_mutation,geometric_crossover,tournament_k2,3,70,69400.0
heuristic_mutation,geometric_crossover,tournament_k2,3,71,69400.0
heuristic_mutation,geometric_crossover,tournament_k2,3,72,69450.0
heuristic_mutation,geometric_crossover,tournament_k2,3,73,69450.0
heuristic_mutation,geometric_crossover,tournament_k2,3,74,69750.0
heuristic_mutation,geometric_crossover,tournament_k2,3,75,69750.0
heuristic_mutation,geometric_crossover,tournament_k2,3,76,69750.0
heuristic_mutation,geometric_crossover,tournament_k2,3,77,69750.0
heuristic_mutation,geometric_crossover,tournament_k2,3,78,69750.0
heuristic_mutation,geometric_crossover,tournament_k2,3,79,70000.0
heuristic_mutation,geometric_crossover,tournament_k2,3,80,70000.0
heuristic_mutation,geometric_crossover,tournament_k2,3,81,70000.0
heuristic_mutation,geometric_crossover,tournament_k2,3,82,70000.0
heuristic_mutation,geometric_crossover,tournament_k2,3,83,70000.0
heuristic_mutation,geometric_crossover,tournament_k2,3,84,70000.0
heuristic_mutation,geometric_crossover,tournament_k2,3,85,70000.0
heuristic_mutation,geometric_crossover,tournament_k2,3,86,70000.0
heuristic_mutation,geometric_crossover,tournament_k2,3,87,70050.0
heuristic_mutation,geometric_crossover,tournament_k2,3,88,70050.0
heuristic_mutation,geometric_crossover,tournament_k2,3,89,70050.0
heuristic_mutation,geometric_crossover,tournament_k2,3,90,70050.0
heuristic_mutation,geometric_crossover,tournament_k2,3,91,70050.0
heuristic_mutation,geometric_crossover,tournament_k2,3,92,70250.0
heuristic_mutation,geometric_crossover,tournament_k2,3,93,70250.0
heuristic_mutation,geometric_crossover,tournament_k2,3,94,70500.0
heuristic_mutation,geometric_crossover,tournament_k2,3,95,70500.0
heuristic_mutation,geometric_crossover,tournament_k2,3,96,70500.0
heuristic_mutation,geometric_crossover,tournament_k2,3,97,70750.0
heuristic_mutation,geometric_crossover,tournament_k2,3,98,70750.0
heuristic_mutation,geometric_crossover,tournament_k2,3,99,70750.0
heuristic_mutation,geometric_crossover,tournament_k2,3,100,70750.0
heuristic_mutation,geometric_crossover,tournament_k2,5,1,36950.0
heuristic_mutation,geometric_crossover,tournament_k2,5,2,41850.0
heuristic_mutation,geometric_crossover,tournament_k2,5,3,46300.0
heuristic_mutation,geometric_crossover,tournament_k2,5,4,50100.0
heuristic_mutation,geometric_crossover,tournament_k2,5,5,52150.0
heuristic_mutation,geometric_crossover,tournament_k2,5,6,53350.0
heuristic_mutation,geometric_crossover,tournament_k2,5,7,56300.0
heuristic_mutation,geometric_crossover,tournament_k2,5,8,57200.0
heuristic_mutation,geometric_crossover,tournament_k2,5,9,59800.0
heuristic_mutation,geometric_crossover,tournament_k2,5,10,61050.0
heuristic_mutation,geometric_crossover,tournament_k2,5,11,61950.0
heuristic_mutation,geometric_crossover,tournament_k2,5,12,62450.0
heuristic_mutation,geometric_crossover,tournament_k2,5,13,64150.0
heuristic_mutation,geometric_crossover,tournament_k2,5,14,64300.0
heuristic_mutation,geometric_crossover,tournament_k2,5,15,64800.0
heuristic_mutation,geometric_crossover,tournament_k2,5,16,65000.0
heuristic_mutation,geometric_crossover,tournament_k2,5,17,65700.0
heuristic_mutation,geometric_crossover,tournament_k2,5,18,66350.0
heuristic_mutation,geometric_crossover,tournament_k2,5,19,66500.0
heuristic_mutation,geometric_crossover,tournament_k2,5,20,66500.0
heuristic_mutation,geometric_crossover,tournament_k2,5,21,66900.0
heuristic_mutation,geometric_crossover,tournament_k2,5,22,66900.0
heuristic_mutation,geometric_crossover,tournament_k2,5,23,67400.0
heuristic_mutation,geometric_crossover,tournament_k2,5,24,67500.0
heuristic_mutation,geometric_crossover,tournament_k2,5,25,67800.0
heuristic_mutation,geometric_crossover,tournament_k2,5,26,68350.0
heuristic_mutation,geometric_crossover,tournament_k2,5,27,68350.0
heuristic_mutation,geometric_crossover,tournament_k2,5,28,68500.0
heuristic_mutation,geometric_crossover,tournament_k2,5,29,68500.0
heuristic_mutation,geometric_crossover,tournament_k2,5,30,68550.0
heuristic_mutation,geometric_crossover,tournament_k2,5,31,68550.0
heuristic_mutation,geometric_crossover,tournament_k2,5,32,68550.0
heuristic_mutation,geometric_crossover,tournament_k2,5,33,68550.0
heuristic_mutation,geometric_crossover,tournament_k2,5,34,68600.0
heuristic_mutation,geometric_crossover,tournament_k2,5,35,68750.0
heuristic_mutation,geometric_crossover,tournament_k2,5,36,68750.0
heuristic_mutation,geometric_crossover,tournament_k2,5,37,68750.0
heuristic_mutation,geometric_crossover,tournament_k2,5,38,69300.0
heuristic_mutation,geometric_crossover,tournament_k2,5,39,69300.0
heuristic_mutation,geometric_crossover,tournament_k2,5,40,69300.0
heuristic_mutation,geometric_crossover,tournament_k2,5,41,69300.0
heuristic_mutation,geometric_crossover,tournament_k2,5,42,69500.0
heuristic_mutation,geometric_crossover,tournament_k2,5,43,69650.0
heuristic_mutation,geometric_crossover,tournament_k2,5,44,69650.0
heuristic_mutation,geometric_crossover,tournament_k2,5,45,69850.0
heuristic_mutation,geometric_crossover,tournament_k2,5,46,69900.0
heuristic_mutation,geometric_crossover,tournament_k2,5,47,70000.0
heuristic_mutation,geometric_crossover,tournament_k2,5,48,70100.0
heuristic_mutation,geometric_crossover,tournament_k2,5,49,70250.0
heuristic_mutation,geometric_crossover,tournament_k2,5,50,70250.0
heuristic_mutation,geometric_crossover,tournament_k2,5,51,70650.0
heuristic_mutation,geometric_crossover,tournament_k2,5,52,70700.0
heuristic_mutation,geometric_crossover,tournament_k2,5,53,70700.0
heuristic_mutation,geometric_crossover,tournament_k2,5,54,70700.0
heuristic_mutation,geometric_crossover,tournament_k2,5,55,70850.0
heuristic_mutation,geometric_crossover,tournament_k2,5,56,70850.0
heuristic_mutation,geometric_crossover,tournament_k2,5,57,70850.0
heuristic_mutation,geometric_crossover,tournament_k2,5,58,71100.0
heuristic_mutation,geometric_crossover,tournament_k2,5,59,71100.0
heuristic_mutation,geometric_crossover,tournament_k2,5,60,71100.0
heuristic_mutation,geometric_crossover,tournament_k2,5,61,71450.0
heuristic_mutation,geometric_crossover,tournament_k2,5,62,71550.0
heuristic_mutation,geometric_crossover,tournament_k2,5,63,71550.0
heuristic_mutation,geometric_crossover,tournament_k2,5,64,71550.0
heuristic_mutation,geometric_crossover,tournament_k2,5,65,71550.0
heuristic_mutation,geometric_crossover,tournament_k2,5,66,71550.0
heuristic_mutation,geometric_crossover,tournament_k2,5,67,71550.0
heuristic_mutation,geometric_crossover,tournament_k2,5,68,72300.0
heuristic_mutation,geometric_crossover,tournament_k2,5,69,72300.0
heuristic_mutation,geometric_crossover,tournament_k2,5,70,72550.0
heuristic_mutation,geometric_crossover,tournament_k2,5,71,72550.0
heuristic_mutation,geometric_crossover,tournament_k2,5,72,72600.0
heuristic_mutation,geometric_crossover,tournament_k2,5,73,72650.0
heuristic_mutation,geometric_crossover,tournament_k2,5,74,72650.0
heuristic_mutation,geometric_crossover,tournament_k2,5,75,72750.0
heuristic_mutation,geometric_crossover,tournament_k2,5,76,72750.0
heuristic_mutation,geometric_crossover,tournament_k2,5,77,72750.0
heuristic_mutation,geometric_crossover,tournament_k2,5,78,72900.0
heuristic_mutation,geometric_crossover,tournament_k2,5,79,72900.0
heuristic_mutation,geometric_crossover,tournament_k2,5,80,73050.0
heuristic_mutation,geometric_crossover,tournament_k2,5,81,73150.0
heuristic_mutation,geometric_crossover,tournament_k2,5,82,73150.0
heuristic_mutation,geometric_crossover,tournament_k2,5,83,73200.0
heuristic_mutation,geometric_crossover,tournament_k2,5,84,73200.0
heuristic_mutation,geometric_crossover,tournament_k2,5,85,73200.0
heuristic_mutation,geometric_crossover,tournament_k2,5,86,73200.0
heuristic_mutation,geometric_crossover,tournament_k2,5,87,73200.0
heuristic_mutation,geometric_crossover,tournament_k2,5,88,73200.0
heuristic_mutation,geometric_crossover,tournament_k2,5,89,73200.0
heuristic_mutation,geometric_crossover,tournament_k2,5,90,73200.0
heuristic_mutation,geometric_crossover,tournament_k2,5,91,73250.0
heuristic_mutation,geometric_crossover,tournament_k2,5,92,73250.0
heuristic_mutation,geometric_crossover,tournament_k2,5,93,73600.0
heuristic_mutation,geometric_crossover,tournament_k2,5,94,73600.0
heuristic_mutation,geometric_crossover,tournament_k2,5,95,73600.0
heuristic_mutation,geometric_crossover,tournament_k2,5,96,73600.0
heuristic_mutation,geometric_crossover,tournament_k2,5,97,73600.0
heuristic_mutation,geometric_crossover,tournament_k2,5,98,73600.0
heuristic_mutation,geometric_crossover,tournament_k2,5,99,73600.0
heuristic_mutation,geometric_crossover,tournament_k2,5,100,74000.0
heuristic_mutation,geometric_crossover,tournament_k3,1,1,39200.0
heuristic_mutation,geometric_crossover,tournament_k3,1,2,42600.0
heuristic_mutation,geometric_crossover,tournament_k3,1,3,46900.0
heuristic_mutation,geometric_crossover,tournament_k3,1,4,50300.0
heuristic_mutation,geometric_crossover,tournament_k3,1,5,53700.0
heuristic_mutation,geometric_crossover,tournament_k3,1,6,55500.0
heuristic_mutation,geometric_crossover,tournament_k3,1,7,57450.0
heuristic_mutation,geometric_crossover,tournament_k3,1,8,58850.0
heuristic_mutation,geometric_crossover,tournament_k3,1,9,60450.0
heuristic_mutation,geometric_crossover,tournament_k3,1,10,61500.0
heuristic_mutation,geometric_crossover,tournament_k3,1,11,63400.0
heuristic_mutation,geometric_crossover,tournament_k3,1,12,64500.0
heuristic_mutation,geometric_crossover,tournament_k3,1,13,64950.0
heuristic_mutation,geometric_crossover,tournament_k3,1,14,65100.0
heuristic_mutation,geometric_crossover,tournament_k3,1,15,65450.0
heuristic_mutation,geometric_crossover,tournament_k3,1,16,65950.0
heuristic_mutation,geometric_crossover,tournament_k3,1,17,66100.0
heuristic_mutation,geometric_crossover,tournament_k3,1,18,66700.0
heuristic_mutation,geometric_crossover,tournament_k3,1,19,67300.0
heuristic_mutation,geometric_crossover,tournament_k3,1,20,67300.0
heuristic_mutation,geometric_crossover,tournament_k3,1,21,67300.0
heuristic_mutation,geometric_crossover,tournament_k3,1,22,67400.0
heuristic_mutation,geometric_crossover,tournament_k3,1,23,67500.0
heuristic_mutation,geometric_crossover,tournament_k3,1,24,67500.0
heuristic_mutation,geometric_crossover,tournament_k3,1,25,67650.0
heuristic_mutation,geometric_crossover,tournament_k3,1,26,67650.0
heuristic_mutation,geometric_crossover,tournament_k3,1,27,67700.0
heuristic_mutation,geometric_crossover,tournament_k3,1,28,67700.0
heuristic_mutation,geometric_crossover,tournament_k3,1,29,68950.0
heuristic_mutation,geometric_crossover,tournament_k3,1,30,68950.0
heuristic_mutation,geometric_crossover,tournament_k3,1,31,69000.0
heuristic_mutation,geometric_crossover,tournament_k3,1,32,69150.0
heuristic_mutation,geometric_crossover,tournament_k3,1,33,69900.0
heuristic_mutation,geometric_crossover,tournament_k3,1,34,69900.0
heuristic_mutation,geometric_crossover,tournament_k3,1,35,69900.0
heuristic_mutation,geometric_crossover,tournament_k3,1,36,69900.0
heuristic_mutation,geometric_crossover,tournament_k3,1,37,69900.0
heuristic_mutation,geometric_crossover,tournament_k3,1,38,69900.0
heuristic_mutation,geometric_crossover,tournament_k3,1,39,69900.0
heuristic_mutation,geometric_crossover,tournament_k3,1,40,69900.0
heuristic_mutation,geometric_crossover,tournament_k3,1,41,70150.0
heuristic_mutation,geometric_crossover,tournament_k3,1,42,70150.0
heuristic_mutation,geometric_crossover,tournament_k3,1,43,70300.0
heuristic_mutation,geometric_crossover,tournament_k3,1,44,70300.0
heuristic_mutation,geometric_crossover,tournament_k3,1,45,70350.0
heuristic_mutation,geometric_crossover,tournament_k3,1,46,70350.0
heuristic_mutation,geometric_crossover,tournament_k3,1,47,70350.0
heuristic_mutation,geometric_crossover,tournament_k3,1,48,70450.0
heuristic_mutation,geometric_crossover,tournament_k3,1,49,70450.0
heuristic_mutation,geometric_crossover,tournament_k3,1,50,70650.0
heuristic_mutation,geometric_crossover,tournament_k3,1,51,70650.0
heuristic_mutation,geometric_crossover,tournament_k3,1,52,70850.0
heuristic_mutation,geometric_crossover,tournament_k3,1,53,70850.0
heuristic_mutation,geometric_crossover,tournament_k3,1,54,71300.0
heuristic_mutation,geometric_crossover,tournament_k3,1,55,71300.0
heuristic_mutation,geometric_crossover,tournament_k3,1,56,71300.0
heuristic_mutation,geometric_crossover,tournament_k3,1,57,72100.0
heuristic_mutation,geometric_crossover,tournament_k3,1,58,72100.0
heuristic_mutation,geometric_crossover,tournament_k3,1,59,72100.0
heuristic_mutation,geometric_crossover,tournament_k3,1,60,72100.0
heuristic_mutation,geometric_crossover,tournament_k3,1,61,72100.0
heuristic_mutation,geometric_crossover,tournament_k3,1,62,72100.0
heuristic_mutation,geometric_crossover,tournament_k3,1,63,72100.0
heuristic_mutation,geometric_crossover,tournament_k3,1,64,72100.0
heuristic_mutation,geometric_crossover,tournament_k3,1,65,72100.0
heuristic_mutation,geometric_crossover,tournament_k3,1,66,72450.0
heuristic_mutation,geometric_crossover,tournament_k3,1,67,72450.0
heuristic_mutation,geometric_crossover,tournament_k3,1,68,72450.0
heuristic_mutation,geometric_crossover,tournament_k3,1,69,72450.0
heuristic_mutation,geometric_crossover,tournament_k3,1,70,72550.0
heuristic_mutation,geometric_crossover,tournament_k3,1,71,72650.0
heuristic_mutation,geometric_crossover,tournament_k3,1,72,72650.0
heuristic_mutation,geometric_crossover,tournament_k3,1,73,72650.0
heuristic_mutation,geometric_crossover,tournament_k3,1,74,72650.0
heuristic_mutation,geometric_crossover,tournament_k3,1,75,72650.0
heuristic_mutation,geometric_crossover,tournament_k3,1,76,72650.0
heuristic_mutation,geometric_crossover,tournament_k3,1,77,72650.0
heuristic_mutation,geometric_crossover,tournament_k3,1,78,72650.0
heuristic_mutation,geometric_crossover,tournament_k3,1,79,72650.0
heuristic_mutation,geometric_crossover,tournament_k3,1,80,72900.0
heuristic_mutation,geometric_crossover,tournament_k3,1,81,72900.0
heuristic_mutation,geometric_crossover,tournament_k3,1,82,73400.0
heuristic_mutation,geometric_crossover,tournament_k3,1,83,73400.0
heuristic_mutation,geometric_crossover,tournament_k3,1,84,73400.0
heuristic_mutation,geometric_crossover,tournament_k3,1,85,73400.0
heuristic_mutation,geometric_crossover,tournament_k3,1,86,73400.0
heuristic_mutation,geometric_crossover,tournament_k3,1,87,73400.0
heuristic_mutation,geometric_crossover,tournament_k3,1,88,73400.0
heuristic_mutation,geometric_crossover,tournament_k3,1,89,73800.0
heuristic_mutation,geometric_crossover,tournament_k3,1,90,73800.0
heuristic_mutation,geometric_crossover,tournament_k3,1,91,73800.0
heuristic_mutation,geometric_crossover,tournament_k3,1,92,73850.0
heuristic_mutation,geometric_crossover,tournament_k3,1,93,73850.0
heuristic_mutation,geometric_crossover,tournament_k3,1,94,73850.0
heuristic_mutation,geometric_crossover,tournament_k3,1,95,73850.0
heuristic_mutation,geometric_crossover,tournament_k3,1,96,74000.0
heuristic_mutation,geometric_crossover,tournament_k3,1,97,74000.0
heuristic_mutation,geometric_crossover,tournament_k3,1,98,74000.0
heuristic_mutation,geometric_crossover,tournament_k3,1,99,74000.0
heuristic_mutation,geometric_crossover,tournament_k3,1,100,74000.0
heuristic_mutation,geometric_crossover,tournament_k3,3,1,38300.0
heuristic_mutation,geometric_crossover,tournament_k3,3,2,42650.0
heuristic_mutation,geometric_crossover,tournament_k3,3,3,46350.0
heuristic_mutation,geometric_crossover,tournament_k3,3,4,50100.0
heuristic_mutation,geometric_crossover,tournament_k3,3,5,52450.0
heuristic_mutation,geometric_crossover,tournament_k3,3,6,54750.0
heuristic_mutation,geometric_crossover,tournament_k3,3,7,55750.0
heuristic_mutation,geometric_crossover,tournament_k3,3,8,57800.0
heuristic_mutation,geometric_crossover,tournament_k3,3,9,58550.0
heuristic_mutation,geometric_crossover,tournament_k3,3,10,60150.0
heuristic_mutation,geometric_crossover,tournament_k3,3,11,62250.0
heuristic_mutation,geometric_crossover,tournament_k3,3,12,63000.0
heuristic_mutation,geometric_crossover,tournament_k3,3,13,64400.0
heuristic_mutation,geometric_crossover,tournament_k3,3,14,65000.0
heuristic_mutation,geometric_crossover,tournament_k3,3,15,65450.0
heuristic_mutation,geometric_crossover,tournament_k3,3,16,65650.0
heuristic_mutation,geometric_crossover,tournament_k3,3,17,66650.0
heuristic_mutation,geometric_crossover,tournament_k3,3,18,67050.0
heuristic_mutation,geometric_crossover,tournament_k3,3,19,67450.0
heuristic_mutation,geometric_crossover,tournament_k3,3,20,67500.0
heuristic_mutation,geometric_crossover,tournament_k3,3,21,67500.0
heuristic_mutation,geometric_crossover,tournament_k3,3,22,67700.0
heuristic_mutation,geometric_crossover,tournament_k3,3,23,68500.0
heuristic_mutation,geometric_crossover,tournament_k3,3,24,68500.0
heuristic_mutation,geometric_crossover,tournament_k3,3,25,68700.0
heuristic_mutation,geometric_crossover,tournament_k3,3,26,69350.0
heuristic_mutation,geometric_crossover,tournament_k3,3,27,69750.0
heuristic_mutation,geometric_crossover,tournament_k3,3,28,69800.0
heuristic_mutation,geometric_crossover,tournament_k3,3,29,70100.0
heuristic_mutation,geometric_crossover,tournament_k3,3,30,70500.0
heuristic_mutation,geometric_crossover,tournament_k3,3,31,70500.0
heuristic_mutation,geometric_crossover,tournament_k3,3,32,70500.0
heuristic_mutation,geometric_crossover,tournament_k3,3,33,70700.0
heuristic_mutation,geometric_crossover,tournament_k3,3,34,71000.0
heuristic_mutation,geometric_crossover,tournament_k3,3,35,71050.0
heuristic_mutation,geometric_crossover,tournament_k3,3,36,71100.0
heuristic_mutation,geometric_crossover,tournament_k3,3,37,71200.0
heuristic_mutation,geometric_crossover,tournament_k3,3,38,71900.0
heuristic_mutation,geometric_crossover,tournament_k3,3,39,71900.0
heuristic_mutation,geometric_crossover,tournament_k3,3,40,72950.0
heuristic_mutation,geometric_crossover,tournament_k3,3,41,73100.0
heuristic_mutation,geometric_crossover,tournament_k3,3,42,73150.0
heuristic_mutation,geometric_crossover,tournament_k3,3,43,73200.0
heuristic_mutation,geometric_crossover,tournament_k3,3,44,73200.0
heuristic_mutation,geometric_crossover,tournament_k3,3,45,73750.0
heuristic_mutation,geometric_crossover,tournament_k3,3,46,73750.0
heuristic_mutation,geometric_crossover,tournament_k3,3,47,74350.0
heuristic_mutation,geometric_crossover,tournament_k3,3,48,74600.0
heuristic_mutation,geometric_crossover,tournament_k3,3,49,74850.0
heuristic_mutation,geometric_crossover,tournament_k3,3,50,74950.0
heuristic_mutation,geometric_crossover,tournament_k3,3,51,75000.0
heuristic_mutation,geometric_crossover,tournament_k3,3,52,75400.0
heuristic_mutation,geometric_crossover,tournament_k3,3,53,75800.0
heuristic_mutation,geometric_crossover,tournament_k3,3,54,75900.0
heuristic_mutation,geometric_crossover,tournament_k3,3,55,75900.0
heuristic_mutation,geometric_crossover,tournament_k3,3,56,76150.0
heuristic_mutation,geometric_crossover,tournament_k3,3,57,76850.0
heuristic_mutation,geometric_crossover,tournament_k3,3,58,76850.0
heuristic_mutation,geometric_crossover,tournament_k3,3,59,76850.0
heuristic_mutation,geometric_crossover,tournament_k3,3,60,76900.0
heuristic_mutation,geometric_crossover,tournament_k3,3,61,76900.0
heuristic_mutation,geometric_crossover,tournament_k3,3,62,76900.0
heuristic_mutation,geometric_crossover,tournament_k3,3,63,76900.0
heuristic_mutation,geometric_crossover,tournament_k3,3,64,76950.0
heuristic_mutation,geometric_crossover,tournament_k3,3,65,77000.0
heuristic_mutation,geometric_crossover,tournament_k3,3,66,77100.0
heuristic_mutation,geometric_crossover,tournament_k3,3,67,77150.0
heuristic_mutation,geometric_crossover,tournament_k3,3,68,77150.0
heuristic_mutation,geometric_crossover,tournament_k3,3,69,77250.0
heuristic_mutation,geometric_crossover,tournament_k3,3,70,77400.0
heuristic_mutation,geometric_crossover,tournament_k3,3,71,77700.0
heuristic_mutation,geometric_crossover,tournament_k3,3,72,77700.0
heuristic_mutation,geometric_crossover,tournament_k3,3,73,77800.0
heuristic_mutation,geometric_crossover,tournament_k3,3,74,77850.0
heuristic_mutation,geometric_crossover,tournament_k3,3,75,77900.0
heuristic_mutation,geometric_crossover,tournament_k3,3,76,77900.0
heuristic_mutation,geometric_crossover,tournament_k3,3,77,77950.0
heuristic_mutation,geometric_crossover,tournament_k3,3,78,78000.0
heuristic_mutation,geometric_crossover,tournament_k3,3,79,78000.0
heuristic_mutation,geometric_crossover,tournament_k3,3,80,78050.0
heuristic_mutation,geometric_crossover,tournament_k3,3,81,78300.0
heuristic_mutation,geometric_crossover,tournament_k3,3,82,78350.0
heuristic_mutation,geometric_crossover,tournament_k3,3,83,78350.0
heuristic_mutation,geometric_crossover,tournament_k3,3,84,78400.0
heuristic_mutation,geometric_crossover,tournament_k3,3,85,78500.0
heuristic_mutation,geometric_crossover,tournament_k3,3,86,78500.0
heuristic_mutation,geometric_crossover,tournament_k3,3,87,78500.0
heuristic_mutation,geometric_crossover,tournament_k3,3,88,78500.0
heuristic_mutation,geometric_crossover,tournament_k3,3,89,78500.0
heuristic_mutation,geometric_crossover,tournament_k3,3,90,78500.0
heuristic_mutation,geometric_crossover,tournament_k3,3,91,78500.0
heuristic_mutation,geometric_crossover,tournament_k3,3,92,78600.0
heuristic_mutation,geometric_crossover,tournament_k3,3,93,78600.0
heuristic_mutation,geometric_crossover,tournament_k3,3,94,78600.0
heuristic_mutation,geometric_crossover,tournament_k3,3,95,78600.0
heuristic_mutation,geometric_crossover,tournament_k3,3,96,78600.0
heuristic_mutation,geometric_crossover,tournament_k3,3,97,78600.0
heuristic_mutation,geometric_crossover,tournament_k3,3,98,78600.0
heuristic_mutation,geometric_crossover,tournament_k3,3,99,78600.0
heuristic_mutation,geometric_crossover,tournament_k3,3,100,78600.0
heuristic_mutation,geometric_crossover,tournament_k3,5,1,38350.0
heuristic_mutation,geometric_crossover,tournament_k3,5,2,42150.0
heuristic_mutation,geometric_crossover,tournament_k3,5,3,45600.0
heuristic_mutation,geometric_crossover,tournament_k3,5,4,51450.0
heuristic_mutation,geometric_crossover,tournament_k3,5,5,53500.0
heuristic_mutation,geometric_crossover,tournament_k3,5,6,55500.0
heuristic_mutation,geometric_crossover,tournament_k3,5,7,57850.0
heuristic_mutation,geometric_crossover,tournament_k3,5,8,60150.0
heuristic_mutation,geometric_crossover,tournament_k3,5,9,61000.0
heuristic_mutation,geometric_crossover,tournament_k3,5,10,61700.0
heuristic_mutation,geometric_crossover,tournament_k3,5,11,63100.0
heuristic_mutation,geometric_crossover,tournament_k3,5,12,64200.0
heuristic_mutation,geometric_crossover,tournament_k3,5,13,64550.0
heuristic_mutation,geometric_crossover,tournament_k3,5,14,65050.0
heuristic_mutation,geometric_crossover,tournament_k3,5,15,65400.0
heuristic_mutation,geometric_crossover,tournament_k3,5,16,65750.0
heuristic_mutation,geometric_crossover,tournament_k3,5,17,66600.0
heuristic_mutation,geometric_crossover,tournament_k3,5,18,67000.0
heuristic_mutation,geometric_crossover,tournament_k3,5,19,67050.0
heuristic_mutation,geometric_crossover,tournament_k3,5,20,67350.0
heuristic_mutation,geometric_crossover,tournament_k3,5,21,67850.0
heuristic_mutation,geometric_crossover,tournament_k3,5,22,68500.0
heuristic_mutation,geometric_crossover,tournament_k3,5,23,69050.0
heuristic_mutation,geometric_crossover,tournament_k3,5,24,69100.0
heuristic_mutation,geometric_crossover,tournament_k3,5,25,69250.0
heuristic_mutation,geometric_crossover,tournament_k3,5,26,70150.0
heuristic_mutation,geometric_crossover,tournament_k3,5,27,70150.0
heuristic_mutation,geometric_crossover,tournament_k3,5,28,70350.0
heuristic_mutation,geometric_crossover,tournament_k3,5,29,70950.0
heuristic_mutation,geometric_crossover,tournament_k3,5,30,71200.0
heuristic_mutation,geometric_crossover,tournament_k3,5,31,71350.0
heuristic_mutation,geometric_crossover,tournament_k3,5,32,71650.0
heuristic_mutation,geometric_crossover,tournament_k3,5,33,72350.0
heuristic_mutation,geometric_crossover,tournament_k3,5,34,72550.0
heuristic_mutation,geometric_crossover,tournament_k3,5,35,72550.0
heuristic_mutation,geometric_crossover,tournament_k3,5,36,72800.0
heuristic_mutation,geometric_crossover,tournament_k3,5,37,73100.0
heuristic_mutation,geometric_crossover,tournament_k3,5,38,73300.0
heuristic_mutation,geometric_crossover,tournament_k3,5,39,73400.0
heuristic_mutation,geometric_crossover,tournament_k3,5,40,73650.0
heuristic_mutation,geometric_crossover,tournament_k3,5,41,73950.0
heuristic_mutation,geometric_crossover,tournament_k3,5,42,74200.0
heuristic_mutation,geometric_crossover,tournament_k3,5,43,74700.0
heuristic_mutation,geometric_crossover,tournament_k3,5,44,74700.0
heuristic_mutation,geometric_crossover,tournament_k3,5,45,75050.0
heuristic_mutation,geometric_crossover,tournament_k3,5,46,75400.0
heuristic_mutation,geometric_crossover,tournament_k3,5,47,75400.0
heuristic_mutation,geometric_crossover,tournament_k3,5,48,75800.0
heuristic_mutation,geometric_crossover,tournament_k3,5,49,75800.0
heuristic_mutation,geometric_crossover,tournament_k3,5,50,75800.0
heuristic_mutation,geometric_crossover,tournament_k3,5,51,75950.0
heuristic_mutation,geometric_crossover,tournament_k3,5,52,76150.0
heuristic_mutation,geometric_crossover,tournament_k3,5,53,76500.0
heuristic_mutation,geometric_crossover,tournament_k3,5,54,76550.0
heuristic_mutation,geometric_crossover,tournament_k3,5,55,76700.0
heuristic_mutation,geometric_crossover,tournament_k3,5,56,76700.0
heuristic_mutation,geometric_crossover,tournament_k3,5,57,76800.0
heuristic_mutation,geometric_crossover,tournament_k3,5,58,76800.0
heuristic_mutation,geometric_crossover,tournament_k3,5,59,76800.0
heuristic_mutation,geometric_crossover,tournament_k3,5,60,76850.0
heuristic_mutation,geometric_crossover,tournament_k3,5,61,77050.0
heuristic_mutation,geometric_crossover,tournament_k3,5,62,77450.0
heuristic_mutation,geometric_crossover,tournament_k3,5,63,77450.0
heuristic_mutation,geometric_crossover,tournament_k3,5,64,77450.0
heuristic_mutation,geometric_crossover,tournament_k3,5,65,77500.0
heuristic_mutation,geometric_crossover,tournament_k3,5,66,77600.0
heuristic_mutation,geometric_crossover,tournament_k3,5,67,77700.0
heuristic_mutation,geometric_crossover,tournament_k3,5,68,77700.0
heuristic_mutation,geometric_crossover,tournament_k3,5,69,77700.0
heuristic_mutation,geometric_crossover,tournament_k3,5,70,77700.0
heuristic_mutation,geometric_crossover,tournament_k3,5,71,77800.0
heuristic_mutation,geometric_crossover,tournament_k3,5,72,77850.0
heuristic_mutation,geometric_crossover,tournament_k3,5,73,77850.0
heuristic_mutation,geometric_crossover,tournament_k3,5,74,77900.0
heuristic_mutation,geometric_crossover,tournament_k3,5,75,77900.0
heuristic_mutation,geometric_crossover,tournament_k3,5,76,77900.0
heuristic_mutation,geometric_crossover,tournament_k3,5,77,77950.0
heuristic_mutation,geometric_crossover,tournament_k3,5,78,77950.0
heuristic_mutation,geometric_crossover,tournament_k3,5,79,77950.0
heuristic_mutation,geometric_crossover,tournament_k3,5,80,78000.0
heuristic_mutation,geometric_crossover,tournament_k3,5,81,78000.0
heuristic_mutation,geometric_crossover,tournament_k3,5,82,78200.0
heuristic_mutation,geometric_crossover,tournament_k3,5,83,78200.0
heuristic_mutation,geometric_crossover,tournament_k3,5,84,78250.0
heuristic_mutation,geometric_crossover,tournament_k3,5,85,78250.0
heuristic_mutation,geometric_crossover,tournament_k3,5,86,78350.0
heuristic_mutation,geometric_crossover,tournament_k3,5,87,78350.0
heuristic_mutation,geometric_crossover,tournament_k3,5,88,78350.0
heuristic_mutation,geometric_crossover,tournament_k3,5,89,78350.0
heuristic_mutation,geometric_crossover,tournament_k3,5,90,78350.0
heuristic_mutation,geometric_crossover,tournament_k3,5,91,78450.0
heuristic_mutation,geometric_crossover,tournament_k3,5,92,78450.0
heuristic_mutation,geometric_crossover,tournament_k3,5,93,78450.0
heuristic_mutation,geometric_crossover,tournament_k3,5,94,78450.0
heuristic_mutation,geometric_crossover,tournament_k3,5,95,78450.0
heuristic_mutation,geometric_crossover,tournament_k3,5,96,78450.0
heuristic_mutation,geometric_crossover,tournament_k3,5,97,78450.0
heuristic_mutation,geometric_crossover,tournament_k3,5,98,78450.0
heuristic_mutation,geometric_crossover,tournament_k3,5,99,78500.0
heuristic_mutation,geometric_crossover,tournament_k3,5,100,78500.0
heuristic_mutation,geometric_crossover,tournament_k5,1,1,38950.0
heuristic_mutation,geometric_crossover,tournament_k5,1,2,42850.0
heuristic_mutation,geometric_crossover,tournament_k5,1,3,47350.0
heuristic_mutation,geometric_crossover,tournament_k5,1,4,52850.0
heuristic_mutation,geometric_crossover,tournament_k5,1,5,55400.0
heuristic_mutation,geometric_crossover,tournament_k5,1,6,55900.0
heuristic_mutation,geometric_crossover,tournament_k5,1,7,58750.0
heuristic_mutation,geometric_crossover,tournament_k5,1,8,59600.0
heuristic_mutation,geometric_crossover,tournament_k5,1,9,60050.0
heuristic_mutation,geometric_crossover,tournament_k5,1,10,60950.0
heuristic_mutation,geometric_crossover,tournament_k5,1,11,61900.0
heuristic_mutation,geometric_crossover,tournament_k5,1,12,62900.0
heuristic_mutation,geometric_crossover,tournament_k5,1,13,63650.0
heuristic_mutation,geometric_crossover,tournament_k5,1,14,64150.0
heuristic_mutation,geometric_crossover,tournament_k5,1,15,64400.0
heuristic_mutation,geometric_crossover,tournament_k5,1,16,65000.0
heuristic_mutation,geometric_crossover,tournament_k5,1,17,65800.0
heuristic_mutation,geometric_crossover,tournament_k5,1,18,66600.0
heuristic_mutation,geometric_crossover,tournament_k5,1,19,67150.0
heuristic_mutation,geometric_crossover,tournament_k5,1,20,67350.0
heuristic_mutation,geometric_crossover,tournament_k5,1,21,67700.0
heuristic_mutation,geometric_crossover,tournament_k5,1,22,68000.0
heuristic_mutation,geometric_crossover,tournament_k5,1,23,68200.0
heuristic_mutation,geometric_crossover,tournament_k5,1,24,68950.0
heuristic_mutation,geometric_crossover,tournament_k5,1,25,69500.0
heuristic_mutation,geometric_crossover,tournament_k5,1,26,69500.0
heuristic_mutation,geometric_crossover,tournament_k5,1,27,69700.0
heuristic_mutation,geometric_crossover,tournament_k5,1,28,70150.0
heuristic_mutation,geometric_crossover,tournament_k5,1,29,70450.0
heuristic_mutation,geometric_crossover,tournament_k5,1,30,70650.0
heuristic_mutation,geometric_crossover,tournament_k5,1,31,71050.0
heuristic_mutation,geometric_crossover,tournament_k5,1,32,71950.0
heuristic_mutation,geometric_crossover,tournament_k5,1,33,71950.0
heuristic_mutation,geometric_crossover,tournament_k5,1,34,72750.0
heuristic_mutation,geometric_crossover,tournament_k5,1,35,72850.0
heuristic_mutation,geometric_crossover,tournament_k5,1,36,73300.0
heuristic_mutation,geometric_crossover,tournament_k5,1,37,73500.0
heuristic_mutation,geometric_crossover,tournament_k5,1,38,73650.0
heuristic_mutation,geometric_crossover,tournament_k5,1,39,73750.0
heuristic_mutation,geometric_crossover,tournament_k5,1,40,74300.0
heuristic_mutation,geometric_crossover,tournament_k5,1,41,74650.0
heuristic_mutation,geometric_crossover,tournament_k5,1,42,74650.0
heuristic_mutation,geometric_crossover,tournament_k5,1,43,74900.0
heuristic_mutation,geometric_crossover,tournament_k5,1,44,75450.0
heuristic_mutation,geometric_crossover,tournament_k5,1,45,75750.0
heuristic_mutation,geometric_crossover,tournament_k5,1,46,75750.0
heuristic_mutation,geometric_crossover,tournament_k5,1,47,76000.0
heuristic_mutation,geometric_crossover,tournament_k5,1,48,76150.0
heuristic_mutation,geometric_crossover,tournament_k5,1,49,76150.0
heuristic_mutation,geometric_crossover,tournament_k5,1,50,76500.0
heuristic_mutation,geometric_crossover,tournament_k5,1,51,77000.0
heuristic_mutation,geometric_crossover,tournament_k5,1,52,77050.0
heuristic_mutation,geometric_crossover,tournament_k5,1,53,77050.0
heuristic_mutation,geometric_crossover,tournament_k5,1,54,77400.0
heuristic_mutation,geometric_crossover,tournament_k5,1,55,77500.0
heuristic_mutation,geometric_crossover,tournament_k5,1,56,77650.0
heuristic_mutation,geometric_crossover,tournament_k5,1,57,77900.0
heuristic_mutation,geometric_crossover,tournament_k5,1,58,77900.0
heuristic_mutation,geometric_crossover,tournament_k5,1,59,78000.0
heuristic_mutation,geometric_crossover,tournament_k5,1,60,78000.0
heuristic_mutation,geometric_crossover,tournament_k5,1,61,78000.0
heuristic_mutation,geometric_crossover,tournament_k5,1,62,78000.0
heuristic_mutation,geometric_crossover,tournament_k5,1,63,78100.0
heuristic_mutation,geometric_crossover,tournament_k5,1,64,78100.0
heuristic_mutation,geometric_crossover,tournament_k5,1,65,78150.0
heuristic_mutation,geometric_crossover,tournament_k5,1,66,78200.0
heuristic_mutation,geometric_crossover,tournament_k5,1,67,78200.0
heuristic_mutation,geometric_crossover,tournament_k5,1,68,78250.0
heuristic_mutation,geometric_crossover,tournament_k5,1,69,78300.0
heuristic_mutation,geometric_crossover,tournament_k5,1,70,78400.0
heuristic_mutation,geometric_crossover,tournament_k5,1,71,78400.0
heuristic_mutation,geometric_crossover,tournament_k5,1,72,78400.0
heuristic_mutation,geometric_crossover,tournament_k5,1,73,78400.0
heuristic_mutation,geometric_crossover,tournament_k5,1,74,78400.0
heuristic_mutation,geometric_crossover,tournament_k5,1,75,78400.0
heuristic_mutation,geometric_crossover,tournament_k5,1,76,78400.0
heuristic_mutation,geometric_crossover,tournament_k5,1,77,78400.0
heuristic_mutation,geometric_crossover,tournament_k5,1,78,78450.0
heuristic_mutation,geometric_crossover,tournament_k5,1,79,78450.0
heuristic_mutation,geometric_crossover,tournament_k5,1,80,78450.0
heuristic_mutation,geometric_crossover,tournament_k5,1,81,78450.0
heuristic_mutation,geometric_crossover,tournament_k5,1,82,78500.0
heuristic_mutation,geometric_crossover,tournament_k5,1,83,78500.0
heuristic_mutation,geometric_crossover,tournament_k5,1,84,78500.0
heuristic_mutation,geometric_crossover,tournament_k5,1,85,78500.0
heuristic_mutation,geometric_crossover,tournament_k5,1,86,78500.0
heuristic_mutation,geometric_crossover,tournament_k5,1,87,78500.0
heuristic_mutation,geometric_crossover,tournament_k5,1,88,78500.0
heuristic_mutation,geometric_crossover,tournament_k5,1,89,78500.0
heuristic_mutation,geometric_crossover,tournament_k5,1,90,78500.0
heuristic_mutation,geometric_crossover,tournament_k5,1,91,78500.0
heuristic_mutation,geometric_crossover,tournament_k5,1,92,78500.0
heuristic_mutation,geometric_crossover,tournament_k5,1,93,78500.0
heuristic_mutation,geometric_crossover,tournament_k5,1,94,78500.0
heuristic_mutation,geometric_crossover,tournament_k5,1,95,78500.0
heuristic_mutation,geometric_crossover,tournament_k5,1,96,78500.0
heuristic_mutation,geometric_crossover,tournament_k5,1,97,78500.0
heuristic_mutation,geometric_crossover,tournament_k5,1,98,78500.0
heuristic_mutation,geometric_crossover,tournament_k5,1,99,78500.0
heuristic_mutation,geometric_crossover,tournament_k5,1,100,78500.0
heuristic_mutation,geometric_crossover,tournament_k5,3,1,38900.0
heuristic_mutation,geometric_crossover,tournament_k5,3,2,42300.0
heuristic_mutation,geometric_crossover,tournament_k5,3,3,47150.0
heuristic_mutation,geometric_crossover,tournament_k5,3,4,50950.0
heuristic_mutation,geometric_crossover,tournament_k5,3,5,54400.0
heuristic_mutation,geometric_crossover,tournament_k5,3,6,56500.0
heuristic_mutation,geometric_crossover,tournament_k5,3,7,57900.0
heuristic_mutation,geometric_crossover,tournament_k5,3,8,59600.0
heuristic_mutation,geometric_crossover,tournament_k5,3,9,60800.0
heuristic_mutation,geometric_crossover,tournament_k5,3,10,61900.0
heuristic_mutation,geometric_crossover,tournament_k5,3,11,62700.0
heuristic_mutation,geometric_crossover,tournament_k5,3,12,64150.0
heuristic_mutation,geometric_crossover,tournament_k5,3,13,64500.0
heuristic_mutation,geometric_crossover,tournament_k5,3,14,65500.0
heuristic_mutation,geometric_crossover,tournament_k5,3,15,65650.0
heuristic_mutation,geometric_crossover,tournament_k5,3,16,66250.0
heuristic_mutation,geometric_crossover,tournament_k5,3,17,67050.0
heuristic_mutation,geometric_crossover,tournament_k5,3,18,67750.0
heuristic_mutation,geometric_crossover,tournament_k5,3,19,68300.0
heuristic_mutation,geometric_crossover,tournament_k5,3,20,68900.0
heuristic_mutation,geometric_crossover,tournament_k5,3,21,69450.0
heuristic_mutation,geometric_crossover,tournament_k5,3,22,70550.0
heuristic_mutation,geometric_crossover,tournament_k5,3,23,70850.0
heuristic_mutation,geometric_crossover,tournament_k5,3,24,71100.0
heuristic_mutation,geometric_crossover,tournament_k5,3,25,71400.0
heuristic_mutation,geometric_crossover,tournament_k5,3,26,71500.0
heuristic_mutation,geometric_crossover,tournament_k5,3,27,72000.0
heuristic_mutation,geometric_crossover,tournament_k5,3,28,72650.0
heuristic_mutation,geometric_crossover,tournament_k5,3,29,72850.0
heuristic_mutation,geometric_crossover,tournament_k5,3,30,73250.0
heuristic_mutation,geometric_crossover,tournament_k5,3,31,73400.0
heuristic_mutation,geometric_crossover,tournament_k5,3,32,74350.0
heuristic_mutation,geometric_crossover,tournament_k5,3,33,74350.0
heuristic_mutation,geometric_crossover,tournament_k5,3,34,74350.0
heuristic_mutation,geometric_crossover,tournament_k5,3,35,74600.0
heuristic_mutation,geometric_crossover,tournament_k5,3,36,74850.0
heuristic_mutation,geometric_crossover,tournament_k5,3,37,75350.0
heuristic_mutation,geometric_crossover,tournament_k5,3,38,75450.0
heuristic_mutation,geometric_crossover,tournament_k5,3,39,76200.0
heuristic_mutation,geometric_crossover,tournament_k5,3,40,76400.0
heuristic_mutation,geometric_crossover,tournament_k5,3,41,76750.0
heuristic_mutation,geometric_crossover,tournament_k5,3,42,76850.0
heuristic_mutation,geometric_crossover,tournament_k5,3,43,77050.0
heuristic_mutation,geometric_crossover,tournament_k5,3,44,77150.0
heuristic_mutation,geometric_crossover,tournament_k5,3,45,77400.0
heuristic_mutation,geometric_crossover,tournament_k5,3,46,77600.0
heuristic_mutation,geometric_crossover,tournament_k5,3,47,77600.0
heuristic_mutation,geometric_crossover,tournament_k5,3,48,77800.0
heuristic_mutation,geometric_crossover,tournament_k5,3,49,77900.0
heuristic_mutation,geometric_crossover,tournament_k5,3,50,78000.0
heuristic_mutation,geometric_crossover,tournament_k5,3,51,78050.0
heuristic_mutation,geometric_crossover,tournament_k5,3,52,78100.0
heuristic_mutation,geometric_crossover,tournament_k5,3,53,78100.0
heuristic_mutation,geometric_crossover,tournament_k5,3,54,78100.0
heuristic_mutation,geometric_crossover,tournament_k5,3,55,78150.0
heuristic_mutation,geometric_crossover,tournament_k5,3,56,78200.0
heuristic_mutation,geometric_crossover,tournament_k5,3,57,78200.0
heuristic_mutation,geometric_crossover,tournament_k5,3,58,78200.0
heuristic_mutation,geometric_crossover,tournament_k5,3,59,78200.0
heuristic_mutation,geometric_crossover,tournament_k5,3,60,78200.0
heuristic_mutation,geometric_crossover,tournament_k5,3,61,78200.0
heuristic_mutation,geometric_crossover,tournament_k5,3,62,78200.0
heuristic_mutation,geometric_crossover,tournament_k5,3,63,78200.0
heuristic_mutation,geometric_crossover,tournament_k5,3,64,78200.0
heuristic_mutation,geometric_crossover,tournament_k5,3,65,78200.0
heuristic_mutation,geometric_crossover,tournament_k5,3,66,78300.0
heuristic_mutation,geometric_crossover,tournament_k5,3,67,78400.0
heuristic_mutation,geometric_crossover,tournament_k5,3,68,78400.0
heuristic_mutation,geometric_crossover,tournament_k5,3,69,78400.0
heuristic_mutation,geometric_crossover,tournament_k5,3,70,78400.0
heuristic_mutation,geometric_crossover,tournament_k5,3,71,78400.0
heuristic_mutation,geometric_crossover,tournament_k5,3,72,78400.0
heuristic_mutation,geometric_crossover,tournament_k5,3,73,78400.0
heuristic_mutation,geometric_crossover,tournament_k5,3,74,78400.0
heuristic_mutation,geometric_crossover,tournament_k5,3,75,78400.0
heuristic_mutation,geometric_crossover,tournament_k5,3,76,78400.0
heuristic_mutation,geometric_crossover,tournament_k5,3,77,78400.0
heuristic_mutation,geometric_crossover,tournament_k5,3,78,78400.0
heuristic_mutation,geometric_crossover,tournament_k5,3,79,78400.0
heuristic_mutation,geometric_crossover,tournament_k5,3,80,78400.0
heuristic_mutation,geometric_crossover,tournament_k5,3,81,78400.0
heuristic_mutation,geometric_crossover,tournament_k5,3,82,78400.0
heuristic_mutation,geometric_crossover,tournament_k5,3,83,78400.0
heuristic_mutation,geometric_crossover,tournament_k5,3,84,78400.0
heuristic_mutation,geometric_crossover,tournament_k5,3,85,78400.0
heuristic_mutation,geometric_crossover,tournament_k5,3,86,78400.0
heuristic_mutation,geometric_crossover,tournament_k5,3,87,78400.0
heuristic_mutation,geometric_crossover,tournament_k5,3,88,78400.0
heuristic_mutation,geometric_crossover,tournament_k5,3,89,78400.0
heuristic_mutation,geometric_crossover,tournament_k5,3,90,78400.0
heuristic_mutation,geometric_crossover,tournament_k5,3,91,78400.0
heuristic_mutation,geometric_crossover,tournament_k5,3,92,78400.0
heuristic_mutation,geometric_crossover,tournament_k5,3,93,78400.0
heuristic_mutation,geometric_crossover,tournament_k5,3,94,78400.0
heuristic_mutation,geometric_crossover,tournament_k5,3,95,78400.0
heuristic_mutation,geometric_crossover,tournament_k5,3,96,78400.0
heuristic_mutation,geometric_crossover,tournament_k5,3,97,78400.0
heuristic_mutation,geometric_crossover,tournament_k5,3,98,78400.0
heuristic_mutation,geometric_crossover,tournament_k5,3,99,78400.0
heuristic_mutation,geometric_crossover,tournament_k5,3,100,78400.0
heuristic_mutation,geometric_crossover,tournament_k5,5,1,37700.0
heuristic_mutation,geometric_crossover,tournament_k5,5,2,43250.0
heuristic_mutation,geometric_crossover,tournament_k5,5,3,47200.0
heuristic_mutation,geometric_crossover,tournament_k5,5,4,51300.0
heuristic_mutation,geometric_crossover,tournament_k5,5,5,54600.0
heuristic_mutation,geometric_crossover,tournament_k5,5,6,56400.0
heuristic_mutation,geometric_crossover,tournament_k5,5,7,58850.0
heuristic_mutation,geometric_crossover,tournament_k5,5,8,59550.0
heuristic_mutation,geometric_crossover,tournament_k5,5,9,60600.0
heuristic_mutation,geometric_crossover,tournament_k5,5,10,61350.0
heuristic_mutation,geometric_crossover,tournament_k5,5,11,62300.0
heuristic_mutation,geometric_crossover,tournament_k5,5,12,63750.0
heuristic_mutation,geometric_crossover,tournament_k5,5,13,64450.0
heuristic_mutation,geometric_crossover,tournament_k5,5,14,64950.0
heuristic_mutation,geometric_crossover,tournament_k5,5,15,65500.0
heuristic_mutation,geometric_crossover,tournament_k5,5,16,66200.0
heuristic_mutation,geometric_crossover,tournament_k5,5,17,66300.0
heuristic_mutation,geometric_crossover,tournament_k5,5,18,67000.0
heuristic_mutation,geometric_crossover,tournament_k5,5,19,67600.0
heuristic_mutation,geometric_crossover,tournament_k5,5,20,68100.0
heuristic_mutation,geometric_crossover,tournament_k5,5,21,69150.0
heuristic_mutation,geometric_crossover,tournament_k5,5,22,69550.0
heuristic_mutation,geometric_crossover,tournament_k5,5,23,69850.0
heuristic_mutation,geometric_crossover,tournament_k5,5,24,69950.0
heuristic_mutation,geometric_crossover,tournament_k5,5,25,71400.0
heuristic_mutation,geometric_crossover,tournament_k5,5,26,71850.0
heuristic_mutation,geometric_crossover,tournament_k5,5,27,71950.0
heuristic_mutation,geometric_crossover,tournament_k5,5,28,72600.0
heuristic_mutation,geometric_crossover,tournament_k5,5,29,73100.0
heuristic_mutation,geometric_crossover,tournament_k5,5,30,73300.0
heuristic_mutation,geometric_crossover,tournament_k5,5,31,73350.0
heuristic_mutation,geometric_crossover,tournament_k5,5,32,73400.0
heuristic_mutation,geometric_crossover,tournament_k5,5,33,74250.0
heuristic_mutation,geometric_crossover,tournament_k5,5,34,74500.0
heuristic_mutation,geometric_crossover,tournament_k5,5,35,74850.0
heuristic_mutation,geometric_crossover,tournament_k5,5,36,74850.0
heuristic_mutation,geometric_crossover,tournament_k5,5,37,75300.0
heuristic_mutation,geometric_crossover,tournament_k5,5,38,75300.0
heuristic_mutation,geometric_crossover,tournament_k5,5,39,75300.0
heuristic_mutation,geometric_crossover,tournament_k5,5,40,76000.0
heuristic_mutation,geometric_crossover,tournament_k5,5,41,76000.0
heuristic_mutation,geometric_crossover,tournament_k5,5,42,76250.0
heuristic_mutation,geometric_crossover,tournament_k5,5,43,76700.0
heuristic_mutation,geometric_crossover,tournament_k5,5,44,76950.0
heuristic_mutation,geometric_crossover,tournament_k5,5,45,76950.0
heuristic_mutation,geometric_crossover,tournament_k5,5,46,76950.0
heuristic_mutation,geometric_crossover,tournament_k5,5,47,77150.0
heuristic_mutation,geometric_crossover,tournament_k5,5,48,77200.0
heuristic_mutation,geometric_crossover,tournament_k5,5,49,77350.0
heuristic_mutation,geometric_crossover,tournament_k5,5,50,77500.0
heuristic_mutation,geometric_crossover,tournament_k5,5,51,77500.0
heuristic_mutation,geometric_crossover,tournament_k5,5,52,77700.0
heuristic_mutation,geometric_crossover,tournament_k5,5,53,77850.0
heuristic_mutation,geometric_crossover,tournament_k5,5,54,77850.0
heuristic_mutation,geometric_crossover,tournament_k5,5,55,77850.0
heuristic_mutation,geometric_crossover,tournament_k5,5,56,77850.0
heuristic_mutation,geometric_crossover,tournament_k5,5,57,77900.0
heuristic_mutation,geometric_crossover,tournament_k5,5,58,77900.0
heuristic_mutation,geometric_crossover,tournament_k5,5,59,78250.0
heuristic_mutation,geometric_crossover,tournament_k5,5,60,78300.0
heuristic_mutation,geometric_crossover,tournament_k5,5,61,78300.0
heuristic_mutation,geometric_crossover,tournament_k5,5,62,78350.0
heuristic_mutation,geometric_crossover,tournament_k5,5,63,78350.0
heuristic_mutation,geometric_crossover,tournament_k5,5,64,78350.0
heuristic_mutation,geometric_crossover,tournament_k5,5,65,78500.0
heuristic_mutation,geometric_crossover,tournament_k5,5,66,78500.0
heuristic_mutation,geometric_crossover,tournament_k5,5,67,78600.0
heuristic_mutation,geometric_crossover,tournament_k5,5,68,78600.0
heuristic_mutation,geometric_crossover,tournament_k5,5,69,78600.0
heuristic_mutation,geometric_crossover,tournament_k5,5,70,78600.0
heuristic_mutation,geometric_crossover,tournament_k5,5,71,78600.0
heuristic_mutation,geometric_crossover,tournament_k5,5,72,78600.0
heuristic_mutation,geometric_crossover,tournament_k5,5,73,78600.0
heuristic_mutation,geometric_crossover,tournament_k5,5,74,78600.0
heuristic_mutation,geometric_crossover,tournament_k5,5,75,78600.0
heuristic_mutation,geometric_crossover,tournament_k5,5,76,78600.0
heuristic_mutation,geometric_crossover,tournament_k5,5,77,78600.0
heuristic_mutation,geometric_crossover,tournament_k5,5,78,78600.0
heuristic_mutation,geometric_crossover,tournament_k5,5,79,78600.0
heuristic_mutation,geometric_crossover,tournament_k5,5,80,78600.0
heuristic_mutation,geometric_crossover,tournament_k5,5,81,78600.0
heuristic_mutation,geometric_crossover,tournament_k5,5,82,78600.0
heuristic_mutation,geometric_crossover,tournament_k5,5,83,78600.0
heuristic_mutation,geometric_crossover,tournament_k5,5,84,78600.0
heuristic_mutation,geometric_crossover,tournament_k5,5,85,78600.0
heuristic_mutation,geometric_crossover,tournament_k5,5,86,78600.0
heuristic_mutation,geometric_crossover,tournament_k5,5,87,78600.0
heuristic_mutation,geometric_crossover,tournament_k5,5,88,78600.0
heuristic_mutation,geometric_crossover,tournament_k5,5,89,78600.0
heuristic_mutation,geometric_crossover,tournament_k5,5,90,78600.0
heuristic_mutation,geometric_crossover,tournament_k5,5,91,78600.0
heuristic_mutation,geometric_crossover,tournament_k5,5,92,78600.0
heuristic_mutation,geometric_crossover,tournament_k5,5,93,78600.0
heuristic_mutation,geometric_crossover,tournament_k5,5,94,78600.0
heuristic_mutation,geometric_crossover,tournament_k5,5,95,78600.0
heuristic_mutation,geometric_crossover,tournament_k5,5,96,78600.0
heuristic_mutation,geometric_crossover,tournament_k5,5,97,78600.0
heuristic_mutation,geometric_crossover,tournament_k5,5,98,78600.0
heuristic_mutation,geometric_crossover,tournament_k5,5,99,78600.0
heuristic_mutation,geometric_crossover,tournament_k5,5,100,78600.0
heuristic_mutation,geometric_crossover,tournament_k7,1,1,38100.0
heuristic_mutation,geometric_crossover,tournament_k7,1,2,42600.0
heuristic_mutation,geometric_crossover,tournament_k7,1,3,46950.0
heuristic_mutation,geometric_crossover,tournament_k7,1,4,49650.0
heuristic_mutation,geometric_crossover,tournament_k7,1,5,52800.0
heuristic_mutation,geometric_crossover,tournament_k7,1,6,55750.0
heuristic_mutation,geometric_crossover,tournament_k7,1,7,56850.0
heuristic_mutation,geometric_crossover,tournament_k7,1,8,58650.0
heuristic_mutation,geometric_crossover,tournament_k7,1,9,59250.0
heuristic_mutation,geometric_crossover,tournament_k7,1,10,60450.0
heuristic_mutation,geometric_crossover,tournament_k7,1,11,61950.0
heuristic_mutation,geometric_crossover,tournament_k7,1,12,62400.0
heuristic_mutation,geometric_crossover,tournament_k7,1,13,62650.0
heuristic_mutation,geometric_crossover,tournament_k7,1,14,63900.0
heuristic_mutation,geometric_crossover,tournament_k7,1,15,64500.0
heuristic_mutation,geometric_crossover,tournament_k7,1,16,66500.0
heuristic_mutation,geometric_crossover,tournament_k7,1,17,66500.0
heuristic_mutation,geometric_crossover,tournament_k7,1,18,66700.0
heuristic_mutation,geometric_crossover,tournament_k7,1,19,67100.0
heuristic_mutation,geometric_crossover,tournament_k7,1,20,67750.0
heuristic_mutation,geometric_crossover,tournament_k7,1,21,68350.0
heuristic_mutation,geometric_crossover,tournament_k7,1,22,68350.0
heuristic_mutation,geometric_crossover,tournament_k7,1,23,70000.0
heuristic_mutation,geometric_crossover,tournament_k7,1,24,70750.0
heuristic_mutation,geometric_crossover,tournament_k7,1,25,70900.0
heuristic_mutation,geometric_crossover,tournament_k7,1,26,71050.0
heuristic_mutation,geometric_crossover,tournament_k7,1,27,72400.0
heuristic_mutation,geometric_crossover,tournament_k7,1,28,72600.0
heuristic_mutation,geometric_crossover,tournament_k7,1,29,72900.0
heuristic_mutation,geometric_crossover,tournament_k7,1,30,73950.0
heuristic_mutation,geometric_crossover,tournament_k7,1,31,73950.0
heuristic_mutation,geometric_crossover,tournament_k7,1,32,74000.0
heuristic_mutation,geometric_crossover,tournament_k7,1,33,74500.0
heuristic_mutation,geometric_crossover,tournament_k7,1,34,74900.0
heuristic_mutation,geometric_crossover,tournament_k7,1,35,75400.0
heuristic_mutation,geometric_crossover,tournament_k7,1,36,75550.0
heuristic_mutation,geometric_crossover,tournament_k7,1,37,75550.0
heuristic_mutation,geometric_crossover,tournament_k7,1,38,76400.0
heuristic_mutation,geometric_crossover,tournament_k7,1,39,76450.0
heuristic_mutation,geometric_crossover,tournament_k7,1,40,76750.0
heuristic_mutation,geometric_crossover,tournament_k7,1,41,77150.0
heuristic_mutation,geometric_crossover,tournament_k7,1,42,77150.0
heuristic_mutation,geometric_crossover,tournament_k7,1,43,77200.0
heuristic_mutation,geometric_crossover,tournament_k7,1,44,77400.0
heuristic_mutation,geometric_crossover,tournament_k7,1,45,77400.0
heuristic_mutation,geometric_crossover,tournament_k7,1,46,77400.0
heuristic_mutation,geometric_crossover,tournament_k7,1,47,77400.0
heuristic_mutation,geometric_crossover,tournament_k7,1,48,77400.0
heuristic_mutation,geometric_crossover,tournament_k7,1,49,77650.0
heuristic_mutation,geometric_crossover,tournament_k7,1,50,77750.0
heuristic_mutation,geometric_crossover,tournament_k7,1,51,77750.0
heuristic_mutation,geometric_crossover,tournament_k7,1,52,77750.0
heuristic_mutation,geometric_crossover,tournament_k7,1,53,77750.0
heuristic_mutation,geometric_crossover,tournament_k7,1,54,77750.0
heuristic_mutation,geometric_crossover,tournament_k7,1,55,77850.0
heuristic_mutation,geometric_crossover,tournament_k7,1,56,77950.0
heuristic_mutation,geometric_crossover,tournament_k7,1,57,78000.0
heuristic_mutation,geometric_crossover,tournament_k7,1,58,78000.0
heuristic_mutation,geometric_crossover,tournament_k7,1,59,78000.0
heuristic_mutation,geometric_crossover,tournament_k7,1,60,78000.0
heuristic_mutation,geometric_crossover,tournament_k7,1,61,78050.0
heuristic_mutation,geometric_crossover,tournament_k7,1,62,78150.0
heuristic_mutation,geometric_crossover,tournament_k7,1,63,78150.0
heuristic_mutation,geometric_crossover,tournament_k7,1,64,78250.0
heuristic_mutation,geometric_crossover,tournament_k7,1,65,78250.0
heuristic_mutation,geometric_crossover,tournament_k7,1,66,78250.0
heuristic_mutation,geometric_crossover,tournament_k7,1,67,78250.0
heuristic_mutation,geometric_crossover,tournament_k7,1,68,78250.0
heuristic_mutation,geometric_crossover,tournament_k7,1,69,78250.0
heuristic_mutation,geometric_crossover,tournament_k7,1,70,78250.0
heuristic_mutation,geometric_crossover,tournament_k7,1,71,78350.0
heuristic_mutation,geometric_crossover,tournament_k7,1,72,78350.0
heuristic_mutation,geometric_crossover,tournament_k7,1,73,78350.0
heuristic_mutation,geometric_crossover,tournament_k7,1,74,78350.0
heuristic_mutation,geometric_crossover,tournament_k7,1,75,78350.0
heuristic_mutation,geometric_crossover,tournament_k7,1,76,78350.0
heuristic_mutation,geometric_crossover,tournament_k7,1,77,78350.0
heuristic_mutation,geometric_crossover,tournament_k7,1,78,78350.0
heuristic_mutation,geometric_crossover,tournament_k7,1,79,78350.0
heuristic_mutation,geometric_crossover,tournament_k7,1,80,78350.0
heuristic_mutation,geometric_crossover,tournament_k7,1,81,78350.0
heuristic_mutation,geometric_crossover,tournament_k7,1,82,78350.0
heuristic_mutation,geometric_crossover,tournament_k7,1,83,78350.0
heuristic_mutation,geometric_crossover,tournament_k7,1,84,78350.0
heuristic_mutation,geometric_crossover,tournament_k7,1,85,78350.0
heuristic_mutation,geometric_crossover,tournament_k7,1,86,78350.0
heuristic_mutation,geometric_crossover,tournament_k7,1,87,78350.0
heuristic_mutation,geometric_crossover,tournament_k7,1,88,78350.0
heuristic_mutation,geometric_crossover,tournament_k7,1,89,78350.0
heuristic_mutation,geometric_crossover,tournament_k7,1,90,78350.0
heuristic_mutation,geometric_crossover,tournament_k7,1,91,78350.0
heuristic_mutation,geometric_crossover,tournament_k7,1,92,78350.0
heuristic_mutation,geometric_crossover,tournament_k7,1,93,78350.0
heuristic_mutation,geometric_crossover,tournament_k7,1,94,78350.0
heuristic_mutation,geometric_crossover,tournament_k7,1,95,78350.0
heuristic_mutation,geometric_crossover,tournament_k7,1,96,78350.0
heuristic_mutation,geometric_crossover,tournament_k7,1,97,78350.0
heuristic_mutation,geometric_crossover,tournament_k7,1,98,78350.0
heuristic_mutation,geometric_crossover,tournament_k7,1,99,78350.0
heuristic_mutation,geometric_crossover,tournament_k7,1,100,78350.0
heuristic_mutation,geometric_crossover,tournament_k7,3,1,38700.0
heuristic_mutation,geometric_crossover,tournament_k7,3,2,43900.0
heuristic_mutation,geometric_crossover,tournament_k7,3,3,47100.0
heuristic_mutation,geometric_crossover,tournament_k7,3,4,50050.0
heuristic_mutation,geometric_crossover,tournament_k7,3,5,53500.0
heuristic_mutation,geometric_crossover,tournament_k7,3,6,57550.0
heuristic_mutation,geometric_crossover,tournament_k7,3,7,57700.0
heuristic_mutation,geometric_crossover,tournament_k7,3,8,59450.0
heuristic_mutation,geometric_crossover,tournament_k7,3,9,60500.0
heuristic_mutation,geometric_crossover,tournament_k7,3,10,61550.0
heuristic_mutation,geometric_crossover,tournament_k7,3,11,61900.0
heuristic_mutation,geometric_crossover,tournament_k7,3,12,62550.0
heuristic_mutation,geometric_crossover,tournament_k7,3,13,64800.0
heuristic_mutation,geometric_crossover,tournament_k7,3,14,65200.0
heuristic_mutation,geometric_crossover,tournament_k7,3,15,65550.0
heuristic_mutation,geometric_crossover,tournament_k7,3,16,66850.0
heuristic_mutation,geometric_crossover,tournament_k7,3,17,67250.0
heuristic_mutation,geometric_crossover,tournament_k7,3,18,68350.0
heuristic_mutation,geometric_crossover,tournament_k7,3,19,69700.0
heuristic_mutation,geometric_crossover,tournament_k7,3,20,69700.0
heuristic_mutation,geometric_crossover,tournament_k7,3,21,70800.0
heuristic_mutation,geometric_crossover,tournament_k7,3,22,71000.0
heuristic_mutation,geometric_crossover,tournament_k7,3,23,71350.0
heuristic_mutation,geometric_crossover,tournament_k7,3,24,71950.0
heuristic_mutation,geometric_crossover,tournament_k7,3,25,72600.0
heuristic_mutation,geometric_crossover,tournament_k7,3,26,73150.0
heuristic_mutation,geometric_crossover,tournament_k7,3,27,73350.0
heuristic_mutation,geometric_crossover,tournament_k7,3,28,74200.0
heuristic_mutation,geometric_crossover,tournament_k7,3,29,74500.0
heuristic_mutation,geometric_crossover,tournament_k7,3,30,74800.0
heuristic_mutation,geometric_crossover,tournament_k7,3,31,75300.0
heuristic_mutation,geometric_crossover,tournament_k7,3,32,75650.0
heuristic_mutation,geometric_crossover,tournament_k7,3,33,76200.0
heuristic_mutation,geometric_crossover,tournament_k7,3,34,76300.0
heuristic_mutation,geometric_crossover,tournament_k7,3,35,76350.0
heuristic_mutation,geometric_crossover,tournament_k7,3,36,76500.0
heuristic_mutation,geometric_crossover,tournament_k7,3,37,76650.0
heuristic_mutation,geometric_crossover,tournament_k7,3,38,76800.0
heuristic_mutation,geometric_crossover,tournament_k7,3,39,77250.0
heuristic_mutation,geometric_crossover,tournament_k7,3,40,77550.0
heuristic_mutation,geometric_crossover,tournament_k7,3,41,77750.0
heuristic_mutation,geometric_crossover,tournament_k7,3,42,77750.0
heuristic_mutation,geometric_crossover,tournament_k7,3,43,77850.0
heuristic_mutation,geometric_crossover,tournament_k7,3,44,77950.0
heuristic_mutation,geometric_crossover,tournament_k7,3,45,77950.0
heuristic_mutation,geometric_crossover,tournament_k7,3,46,78350.0
heuristic_mutation,geometric_crossover,tournament_k7,3,47,78350.0
heuristic_mutation,geometric_crossover,tournament_k7,3,48,78450.0
heuristic_mutation,geometric_crossover,tournament_k7,3,49,78500.0
heuristic_mutation,geometric_crossover,tournament_k7,3,50,78500.0
heuristic_mutation,geometric_crossover,tournament_k7,3,51,78500.0
heuristic_mutation,geometric_crossover,tournament_k7,3,52,78550.0
heuristic_mutation,geometric_crossover,tournament_k7,3,53,78550.0
heuristic_mutation,geometric_crossover,tournament_k7,3,54,78550.0
heuristic_mutation,geometric_crossover,tournament_k7,3,55,78550.0
heuristic_mutation,geometric_crossover,tournament_k7,3,56,78650.0
heuristic_mutation,geometric_crossover,tournament_k7,3,57,78700.0
heuristic_mutation,geometric_crossover,tournament_k7,3,58,78750.0
heuristic_mutation,geometric_crossover,tournament_k7,3,59,78800.0
heuristic_mutation,geometric_crossover,tournament_k7,3,60,78800.0
heuristic_mutation,geometric_crossover,tournament_k7,3,61,78800.0
heuristic_mutation,geometric_crossover,tournament_k7,3,62,78800.0
heuristic_mutation,geometric_crossover,tournament_k7,3,63,78800.0
heuristic_mutation,geometric_crossover,tournament_k7,3,64,78800.0
heuristic_mutation,geometric_crossover,tournament_k7,3,65,78800.0
heuristic_mutation,geometric_crossover,tournament_k7,3,66,78800.0
heuristic_mutation,geometric_crossover,tournament_k7,3,67,78800.0
heuristic_mutation,geometric_crossover,tournament_k7,3,68,78800.0
heuristic_mutation,geometric_crossover,tournament_k7,3,69,78800.0
heuristic_mutation,geometric_crossover,tournament_k7,3,70,78850.0
heuristic_mutation,geometric_crossover,tournament_k7,3,71,78900.0
heuristic_mutation,geometric_crossover,tournament_k7,3,72,78900.0
heuristic_mutation,geometric_crossover,tournament_k7,3,73,78900.0
heuristic_mutation,geometric_crossover,tournament_k7,3,74,78900.0
heuristic_mutation,geometric_crossover,tournament_k7,3,75,78900.0
heuristic_mutation,geometric_crossover,tournament_k7,3,76,78900.0
heuristic_mutation,geometric_crossover,tournament_k7,3,77,78900.0
heuristic_mutation,geometric_crossover,tournament_k7,3,78,78900.0
heuristic_mutation,geometric_crossover,tournament_k7,3,79,78900.0
heuristic_mutation,geometric_crossover,tournament_k7,3,80,78900.0
heuristic_mutation,geometric_crossover,tournament_k7,3,81,78900.0
heuristic_mutation,geometric_crossover,tournament_k7,3,82,78900.0
heuristic_mutation,geometric_crossover,tournament_k7,3,83,78900.0
heuristic_mutation,geometric_crossover,tournament_k7,3,84,78900.0
heuristic_mutation,geometric_crossover,tournament_k7,3,85,78900.0
heuristic_mutation,geometric_crossover,tournament_k7,3,86,78900.0
heuristic_mutation,geometric_crossover,tournament_k7,3,87,78900.0
heuristic_mutation,geometric_crossover,tournament_k7,3,88,78900.0
heuristic_mutation,geometric_crossover,tournament_k7,3,89,78900.0
heuristic_mutation,geometric_crossover,tournament_k7,3,90,78900.0
heuristic_mutation,geometric_crossover,tournament_k7,3,91,78900.0
heuristic_mutation,geometric_crossover,tournament_k7,3,92,78900.0
heuristic_mutation,geometric_crossover,tournament_k7,3,93,78900.0
heuristic_mutation,geometric_crossover,tournament_k7,3,94,78900.0
heuristic_mutation,geometric_crossover,tournament_k7,3,95,78900.0
heuristic_mutation,geometric_crossover,tournament_k7,3,96,78900.0
heuristic_mutation,geometric_crossover,tournament_k7,3,97,78900.0
heuristic_mutation,geometric_crossover,tournament_k7,3,98,78900.0
heuristic_mutation,geometric_crossover,tournament_k7,3,99,78900.0
heuristic_mutation,geometric_crossover,tournament_k7,3,100,78900.0
heuristic_mutation,geometric_crossover,tournament_k7,5,1,38550.0
heuristic_mutation,geometric_crossover,tournament_k7,5,2,42500.0
heuristic_mutation,geometric_crossover,tournament_k7,5,3,45350.0
heuristic_mutation,geometric_crossover,tournament_k7,5,4,49300.0
heuristic_mutation,geometric_crossover,tournament_k7,5,5,51950.0
heuristic_mutation,geometric_crossover,tournament_k7,5,6,53750.0
heuristic_mutation,geometric_crossover,tournament_k7,5,7,56300.0
heuristic_mutation,geometric_crossover,tournament_k7,5,8,57550.0
heuristic_mutation,geometric_crossover,tournament_k7,5,9,58100.0
heuristic_mutation,geometric_crossover,tournament_k7,5,10,60600.0
heuristic_mutation,geometric_crossover,tournament_k7,5,11,61450.0
heuristic_mutation,geometric_crossover,tournament_k7,5,12,62950.0
heuristic_mutation,geometric_crossover,tournament_k7,5,13,63950.0
heuristic_mutation,geometric_crossover,tournament_k7,5,14,64450.0
heuristic_mutation,geometric_crossover,tournament_k7,5,15,65400.0
heuristic_mutation,geometric_crossover,tournament_k7,5,16,66250.0
heuristic_mutation,geometric_crossover,tournament_k7,5,17,66550.0
heuristic_mutation,geometric_crossover,tournament_k7,5,18,67200.0
heuristic_mutation,geometric_crossover,tournament_k7,5,19,67250.0
heuristic_mutation,geometric_crossover,tournament_k7,5,20,68050.0
heuristic_mutation,geometric_crossover,tournament_k7,5,21,69650.0
heuristic_mutation,geometric_crossover,tournament_k7,5,22,69650.0
heuristic_mutation,geometric_crossover,tournament_k7,5,23,70200.0
heuristic_mutation,geometric_crossover,tournament_k7,5,24,70700.0
heuristic_mutation,geometric_crossover,tournament_k7,5,25,70850.0
heuristic_mutation,geometric_crossover,tournament_k7,5,26,71500.0
heuristic_mutation,geometric_crossover,tournament_k7,5,27,71950.0
heuristic_mutation,geometric_crossover,tournament_k7,5,28,72850.0
heuristic_mutation,geometric_crossover,tournament_k7,5,29,72900.0
heuristic_mutation,geometric_crossover,tournament_k7,5,30,73500.0
heuristic_mutation,geometric_crossover,tournament_k7,5,31,73650.0
heuristic_mutation,geometric_crossover,tournament_k7,5,32,73650.0
heuristic_mutation,geometric_crossover,tournament_k7,5,33,74350.0
heuristic_mutation,geometric_crossover,tournament_k7,5,34,74850.0
heuristic_mutation,geometric_crossover,tournament_k7,5,35,75100.0
heuristic_mutation,geometric_crossover,tournament_k7,5,36,75650.0
heuristic_mutation,geometric_crossover,tournament_k7,5,37,75950.0
heuristic_mutation,geometric_crossover,tournament_k7,5,38,76050.0
heuristic_mutation,geometric_crossover,tournament_k7,5,39,76200.0
heuristic_mutation,geometric_crossover,tournament_k7,5,40,76700.0
heuristic_mutation,geometric_crossover,tournament_k7,5,41,77000.0
heuristic_mutation,geometric_crossover,tournament_k7,5,42,77100.0
heuristic_mutation,geometric_crossover,tournament_k7,5,43,77300.0
heuristic_mutation,geometric_crossover,tournament_k7,5,44,77350.0
heuristic_mutation,geometric_crossover,tournament_k7,5,45,77650.0
heuristic_mutation,geometric_crossover,tournament_k7,5,46,77850.0
heuristic_mutation,geometric_crossover,tournament_k7,5,47,77900.0
heuristic_mutation,geometric_crossover,tournament_k7,5,48,77900.0
heuristic_mutation,geometric_crossover,tournament_k7,5,49,77900.0
heuristic_mutation,geometric_crossover,tournament_k7,5,50,77900.0
heuristic_mutation,geometric_crossover,tournament_k7,5,51,77900.0
heuristic_mutation,geometric_crossover,tournament_k7,5,52,78100.0
heuristic_mutation,geometric_crossover,tournament_k7,5,53,78100.0
heuristic_mutation,geometric_crossover,tournament_k7,5,54,78100.0
heuristic_mutation,geometric_crossover,tournament_k7,5,55,78100.0
heuristic_mutation,geometric_crossover,tournament_k7,5,56,78100.0
heuristic_mutation,geometric_crossover,tournament_k7,5,57,78100.0
heuristic_mutation,geometric_crossover,tournament_k7,5,58,78100.0
heuristic_mutation,geometric_crossover,tournament_k7,5,59,78150.0
heuristic_mutation,geometric_crossover,tournament_k7,5,60,78150.0
heuristic_mutation,geometric_crossover,tournament_k7,5,61,78200.0
heuristic_mutation,geometric_crossover,tournament_k7,5,62,78250.0
heuristic_mutation,geometric_crossover,tournament_k7,5,63,78250.0
heuristic_mutation,geometric_crossover,tournament_k7,5,64,78250.0
heuristic_mutation,geometric_crossover,tournament_k7,5,65,78250.0
heuristic_mutation,geometric_crossover,tournament_k7,5,66,78250.0
heuristic_mutation,geometric_crossover,tournament_k7,5,67,78300.0
heuristic_mutation,geometric_crossover,tournament_k7,5,68,78300.0
heuristic_mutation,geometric_crossover,tournament_k7,5,69,78300.0
heuristic_mutation,geometric_crossover,tournament_k7,5,70,78300.0
heuristic_mutation,geometric_crossover,tournament_k7,5,71,78300.0
heuristic_mutation,geometric_crossover,tournament_k7,5,72,78300.0
heuristic_mutation,geometric_crossover,tournament_k7,5,73,78300.0
heuristic_mutation,geometric_crossover,tournament_k7,5,74,78300.0
heuristic_mutation,geometric_crossover,tournament_k7,5,75,78300.0
heuristic_mutation,geometric_crossover,tournament_k7,5,76,78300.0
heuristic_mutation,geometric_crossover,tournament_k7,5,77,78300.0
heuristic_mutation,geometric_crossover,tournament_k7,5,78,78300.0
heuristic_mutation,geometric_crossover,tournament_k7,5,79,78300.0
heuristic_mutation,geometric_crossover,tournament_k7,5,80,78300.0
heuristic_mutation,geometric_crossover,tournament_k7,5,81,78300.0
heuristic_mutation,geometric_crossover,tournament_k7,5,82,78300.0
heuristic_mutation,geometric_crossover,tournament_k7,5,83,78300.0
heuristic_mutation,geometric_crossover,tournament_k7,5,84,78300.0
heuristic_mutation,geometric_crossover,tournament_k7,5,85,78300.0
heuristic_mutation,geometric_crossover,tournament_k7,5,86,78300.0
heuristic_mutation,geometric_crossover,tournament_k7,5,87,78300.0
heuristic_mutation,geometric_crossover,tournament_k7,5,88,78300.0
heuristic_mutation,geometric_crossover,tournament_k7,5,89,78300.0
heuristic_mutation,geometric_crossover,tournament_k7,5,90,78300.0
heuristic_mutation,geometric_crossover,tournament_k7,5,91,78300.0
heuristic_mutation,geometric_crossover,tournament_k7,5,92,78300.0
heuristic_mutation,geometric_crossover,tournament_k7,5,93,78300.0
heuristic_mutation,geometric_crossover,tournament_k7,5,94,78300.0
heuristic_mutation,geometric_crossover,tournament_k7,5,95,78300.0
heuristic_mutation,geometric_crossover,tournament_k7,5,96,78300.0
heuristic_mutation,geometric_crossover,tournament_k7,5,97,78300.0
heuristic_mutation,geometric_crossover,tournament_k7,5,98,78300.0
heuristic_mutation,geometric_crossover,tournament_k7,5,99,78300.0
heuristic_mutation,geometric_crossover,tournament_k7,5,100,78300.0
